order_id,order_date,region,product,customer,quantity,unit_price,revenue
1000,2025-07-22,North,Tablet,Bharat Mart,3,18000,54000
1001,2025-07-07,North,Keyboard,Delta Retail,2,1500,3000
1002,2025-08-11,West,Laptop,Bharat Mart,2,55000,110000
1003,2025-10-10,West,Phone,Asha Traders,2,22000,44000
1004,2025-04-25,North,Keyboard,Global Bazaar,2,1500,3000
1005,2025-01-24,South,Laptop,Eco Stores,4,55000,220000
1006,2025-10-04,North,Monitor,Eco Stores,3,12000,36000
1007,2025-02-22,South,Keyboard,Fortune Co,3,1500,4500
1008,2025-10-16,North,Laptop,Delta Retail,2,55000,110000
1009,2025-06-10,West,Monitor,Hari Agencies,7,12000,84000
1010,2025-05-08,South,Tablet,Delta Retail,5,18000,90000
1011,2025-09-26,West,Laptop,Fortune Co,5,55000,275000
1012,2025-05-28,North,Headset,Bharat Mart,8,3000,24000
1013,2025-03-26,East,Keyboard,City Supplies,7,1500,10500
1014,2025-01-21,North,Monitor,Fortune Co,7,12000,84000
1015,2025-11-01,West,Tablet,Hari Agencies,6,18000,108000
1016,2025-05-19,West,Laptop,Bharat Mart,2,55000,110000
1017,2025-11-28,West,Laptop,Eco Stores,5,55000,275000
1018,2025-12-09,East,Headset,Asha Traders,7,3000,21000
1019,2025-03-28,North,Monitor,Hari Agencies,6,12000,72000
1020,2025-05-28,South,Laptop,Delta Retail,4,55000,220000
1021,2025-09-12,North,Monitor,City Supplies,7,12000,84000
1022,2025-10-09,East,Monitor,City Supplies,7,12000,84000
1023,2025-12-28,West,Monitor,Fortune Co,5,12000,60000
1024,2025-04-29,South,Headset,Bharat Mart,7,3000,21000
1025,2025-04-29,South,Phone,Asha Traders,3,22000,66000
1026,2025-05-15,East,Monitor,Asha Traders,3,12000,36000
1027,2025-10-01,East,Phone,Fortune Co,7,22000,154000
1028,2025-08-22,West,Phone,Global Bazaar,1,22000,22000
1029,2025-02-23,West,Monitor,Global Bazaar,7,12000,84000
1030,2025-02-04,South,Laptop,Hari Agencies,4,55000,220000
1031,2025-06-24,North,Phone,Bharat Mart,2,22000,44000
1032,2025-10-02,North,Laptop,Fortune Co,3,55000,165000
1033,2025-02-06,South,Keyboard,Global Bazaar,1,1500,1500
1034,2025-06-27,East,Phone,Hari Agencies,5,22000,110000
1035,2025-09-07,West,Laptop,Hari Agencies,2,55000,110000
1036,2025-02-13,South,Monitor,Bharat Mart,5,12000,60000
1037,2025-05-16,West,Headset,City Supplies,6,3000,18000
1038,2025-04-16,East,Keyboard,City Supplies,1,1500,1500
1039,2025-09-28,East,Headset,Bharat Mart,1,3000,3000
1040,2025-09-23,East,Headset,City Supplies,5,3000,15000
1041,2025-09-30,East,Tablet,Delta Retail,4,18000,72000
1042,2025-05-03,West,Keyboard,Delta Retail,4,1500,6000
1043,2025-07-02,North,Phone,Asha Traders,8,22000,176000
1044,2025-05-13,South,Tablet,Fortune Co,8,18000,144000
1045,2025-07-06,North,Monitor,Delta Retail,6,12000,72000
1046,2025-08-29,South,Laptop,Fortune Co,4,55000,220000
1047,2025-11-16,North,Phone,Hari Agencies,8,22000,176000
1048,2025-11-26,North,Headset,Bharat Mart,6,3000,18000
1049,2025-09-02,South,Monitor,Global Bazaar,4,12000,48000
1050,2025-02-14,West,Headset,Hari Agencies,400,3000,1200000
1051,2025-03-23,South,Monitor,City Supplies,2,12000,24000
1052,2025-10-30,West,Laptop,City Supplies,3,55000,165000
1053,2025-12-03,East,Keyboard,City Supplies,8,1500,12000
1054,2025-01-11,North,Keyboard,Bharat Mart,3,1500,4500
1055,2025-08-11,South,Keyboard,Delta Retail,3,1500,4500
1056,2025-04-19,East,Laptop,Delta Retail,5,55000,275000
1057,2025-05-13,West,Keyboard,City Supplies,6,1500,9000
1058,2025-08-23,West,Laptop,City Supplies,6,55000,330000
1059,2025-09-26,North,Keyboard,Hari Agencies,3,1500,4500
1060,2025-03-18,South,Phone,City Supplies,1,22000,22000
1061,2025-10-12,North,Monitor,Fortune Co,2,12000,24000
1062,2025-02-24,North,Headset,Delta Retail,8,3000,24000
1063,2025-01-22,North,Phone,Hari Agencies,5,22000,110000
1064,2025-02-02,West,Keyboard,Fortune Co,1,1500,1500
1065,2025-12-21,East,Keyboard,Hari Agencies,4,1500,6000
1066,2025-09-17,South,Keyboard,Eco Stores,8,1500,12000
1067,2025-08-18,South,Keyboard,Global Bazaar,4,1500,6000
1068,2025-08-15,East,Laptop,Bharat Mart,7,55000,385000
1069,2025-08-08,North,Headset,Delta Retail,4,3000,12000
1070,2025-03-04,South,Headset,Fortune Co,5,3000,15000
1071,2025-03-12,West,Phone,Delta Retail,5,22000,110000
1072,2025-07-23,West,Headset,City Supplies,2,3000,6000
1073,2025-03-24,West,Headset,Global Bazaar,4,3000,12000
1074,2025-04-11,East,Tablet,Fortune Co,7,18000,126000
1075,2025-01-10,East,Laptop,Hari Agencies,6,55000,330000
1076,2025-07-16,East,Monitor,Eco Stores,1,12000,12000
1077,2025-02-27,South,Keyboard,Bharat Mart,2,1500,3000
1078,2025-05-20,North,Laptop,City Supplies,5,55000,275000
1079,2025-08-05,East,Tablet,Global Bazaar,3,18000,54000
1080,2025-12-25,East,Phone,Bharat Mart,8,22000,176000
1081,2025-12-19,South,Tablet,Global Bazaar,1,18000,18000
1082,2025-01-09,North,Laptop,Eco Stores,5,55000,275000
1083,2025-02-04,East,Laptop,Bharat Mart,4,55000,220000
1084,2025-06-23,West,Monitor,Eco Stores,1,12000,12000
1085,2025-01-23,South,Keyboard,Bharat Mart,3,1500,4500
1086,2025-01-26,South,Phone,Delta Retail,5,22000,110000
1087,2025-09-29,South,Tablet,Eco Stores,5,18000,90000
1088,2025-05-19,East,Monitor,Asha Traders,3,12000,36000
1089,2025-01-08,North,Tablet,Delta Retail,1,18000,18000
1090,2025-05-06,West,Keyboard,Bharat Mart,8,1500,12000
1091,2025-12-03,West,Headset,Global Bazaar,7,3000,21000
1092,2025-12-19,South,Keyboard,Delta Retail,5,1500,7500
1093,2025-12-28,South,Tablet,Global Bazaar,4,18000,72000
1094,2025-03-08,North,Tablet,Bharat Mart,1,18000,18000
1095,2025-08-09,South,Headset,Asha Traders,5,3000,15000
1096,2025-09-17,East,Laptop,Delta Retail,7,55000,385000
1097,2025-01-24,West,Headset,City Supplies,5,3000,15000
1098,2025-08-17,North,Phone,Eco Stores,5,22000,110000
1099,2025-10-08,East,Tablet,Delta Retail,6,18000,108000
1100,2025-04-22,East,Laptop,City Supplies,5,55000,275000
1101,2025-07-15,North,Laptop,Hari Agencies,6,55000,330000
1102,2025-05-08,North,Tablet,Bharat Mart,4,18000,72000
1103,2025-03-15,West,Tablet,Asha Traders,2,18000,36000
1104,2025-06-03,East,Monitor,Delta Retail,1,12000,12000
1105,2025-12-03,West,Laptop,Fortune Co,3,55000,165000
1106,2025-03-18,East,Headset,City Supplies,8,3000,24000
1107,2025-12-25,South,Laptop,Asha Traders,7,55000,385000
1108,2025-02-13,North,Headset,Asha Traders,4,3000,12000
1109,2025-02-23,West,Phone,Hari Agencies,6,22000,132000
1110,2025-11-18,North,Keyboard,Delta Retail,1,1500,1500
1111,2025-01-02,West,Monitor,Bharat Mart,5,12000,60000
1112,2025-12-04,North,Headset,Hari Agencies,2,3000,6000
1113,2025-05-16,South,Tablet,Delta Retail,2,18000,36000
1114,2025-09-10,West,Phone,Bharat Mart,8,22000,176000
1115,2025-01-24,South,Monitor,Bharat Mart,5,12000,60000
1116,2025-06-19,East,Keyboard,Eco Stores,3,1500,4500
1117,2025-01-07,West,Keyboard,Asha Traders,3,1500,4500
1118,2025-12-11,North,Monitor,Delta Retail,5,12000,60000
1119,2025-05-29,East,Headset,Hari Agencies,8,3000,24000
1120,2025-03-02,South,Monitor,Eco Stores,8,12000,9800000
1121,2025-01-09,East,Laptop,Hari Agencies,8,55000,440000
1122,2025-05-18,West,Laptop,Delta Retail,8,55000,440000
1123,2025-10-25,North,Phone,City Supplies,2,22000,44000
1124,2025-07-04,South,Headset,Eco Stores,5,3000,15000
1125,2025-04-29,West,Laptop,Hari Agencies,6,55000,330000
1126,2025-03-23,North,Monitor,Hari Agencies,1,12000,12000
1127,2025-07-27,East,Headset,City Supplies,8,3000,24000
1128,2025-07-12,East,Monitor,Bharat Mart,6,12000,72000
1129,2025-06-16,East,Tablet,Global Bazaar,1,18000,18000
1130,2025-01-07,East,Laptop,Eco Stores,4,55000,220000
1131,2025-07-21,West,Tablet,Bharat Mart,2,18000,36000
1132,2025-05-21,North,Tablet,Eco Stores,7,18000,126000
1133,2025-12-05,East,Laptop,City Supplies,1,55000,55000
1134,2025-08-12,East,Phone,Delta Retail,5,22000,110000
1135,2025-01-15,West,Tablet,Delta Retail,7,18000,126000
1136,2025-01-26,West,Headset,Hari Agencies,2,3000,6000
1137,2025-11-26,East,Keyboard,Hari Agencies,3,1500,4500
1138,2025-03-29,West,Laptop,Global Bazaar,3,55000,165000
1139,2025-06-02,East,Tablet,Eco Stores,5,18000,90000
1140,2025-06-04,West,Monitor,Global Bazaar,4,12000,48000
1141,2025-11-26,South,Laptop,Bharat Mart,3,55000,165000
1142,2025-10-09,South,Phone,Hari Agencies,8,22000,176000
1143,2025-08-07,South,Tablet,Delta Retail,8,18000,144000
1144,2025-03-31,East,Phone,Bharat Mart,2,22000,44000
1145,2025-07-08,East,Tablet,Delta Retail,4,18000,72000
1146,2025-07-16,West,Laptop,Delta Retail,7,55000,385000
1147,2025-06-23,North,Monitor,Hari Agencies,5,12000,60000
1148,2025-03-06,South,Tablet,Bharat Mart,6,18000,108000
1149,2025-07-16,West,Tablet,Hari Agencies,4,18000,72000
1150,2025-01-12,South,Monitor,Asha Traders,5,12000,60000
1151,2025-10-28,West,Monitor,Asha Traders,8,12000,96000
1152,2025-09-28,West,Laptop,Hari Agencies,7,55000,385000
1153,2025-04-25,South,Phone,City Supplies,2,22000,44000
1154,2025-12-25,West,Keyboard,Bharat Mart,2,1500,3000
1155,2025-01-01,South,Keyboard,Delta Retail,1,1500,1500
1156,2025-11-27,East,Keyboard,City Supplies,1,1500,1500
1157,2025-09-28,West,Headset,Bharat Mart,5,3000,15000
1158,2025-06-03,South,Laptop,Global Bazaar,2,55000,110000
1159,2025-11-04,North,Tablet,Asha Traders,4,18000,72000
1160,2025-08-24,East,Keyboard,Fortune Co,5,1500,7500
1161,2025-09-01,South,Headset,Delta Retail,4,3000,12000
1162,2025-12-27,East,Laptop,Asha Traders,7,55000,385000
1163,2025-09-13,West,Laptop,Bharat Mart,4,55000,220000
1164,2025-12-08,West,Tablet,Fortune Co,4,18000,72000
1165,2025-01-18,East,Phone,Global Bazaar,8,22000,176000
1166,2025-04-12,North,Tablet,Eco Stores,7,18000,126000
1167,2025-04-16,West,Headset,Delta Retail,2,3000,6000
1168,2025-04-29,West,Tablet,Delta Retail,4,18000,72000
1169,2025-02-25,West,Tablet,City Supplies,5,18000,90000
1170,2025-08-02,North,Phone,City Supplies,8,22000,176000
1171,2025-04-20,North,Monitor,City Supplies,1,12000,12000
1172,2025-12-30,North,Monitor,City Supplies,1,12000,12000
1173,2025-12-31,East,Monitor,Bharat Mart,8,12000,96000
1174,2025-06-18,South,Laptop,City Supplies,3,55000,165000
1175,2025-01-17,East,Headset,Global Bazaar,8,3000,24000
1176,2025-08-15,South,Tablet,Bharat Mart,6,18000,108000
1177,2025-05-24,North,Laptop,Fortune Co,2,55000,110000
1178,2025-10-15,South,Monitor,Global Bazaar,2,12000,24000
1179,2025-08-10,North,Tablet,Asha Traders,5,18000,90000
1180,2025-04-11,East,Headset,Hari Agencies,8,3000,24000
1181,2025-07-06,West,Phone,Asha Traders,6,22000,132000
1182,2025-05-07,West,Headset,Asha Traders,7,3000,21000
1183,2025-08-26,North,Monitor,Asha Traders,1,12000,12000
1184,2025-02-02,East,Tablet,Fortune Co,4,18000,72000
1185,2025-11-12,North,Tablet,Eco Stores,6,18000,108000
1186,2025-05-22,East,Headset,Asha Traders,6,3000,18000
1187,2025-01-13,South,Headset,Bharat Mart,2,3000,6000
1188,2025-07-17,East,Monitor,Global Bazaar,8,12000,96000
1189,2025-09-12,South,Monitor,Asha Traders,3,12000,36000
1190,2025-12-21,South,Headset,Delta Retail,5,3000,15000
1191,2025-08-24,East,Tablet,Bharat Mart,6,18000,108000
1192,2025-07-20,South,Keyboard,Delta Retail,4,1500,6000
1193,2025-11-29,North,Monitor,Hari Agencies,2,12000,24000
1194,2025-03-24,West,Keyboard,Bharat Mart,6,1500,9000
1195,2025-11-16,North,Laptop,Delta Retail,5,55000,275000
1196,2025-09-13,West,Laptop,City Supplies,7,55000,385000
1197,2025-08-02,West,Phone,Delta Retail,3,22000,66000
1198,2025-05-31,East,Headset,Eco Stores,2,3000,6000
1199,2025-07-10,East,Keyboard,Eco Stores,5,1500,7500
1200,2025-05-07,,Phone,Delta Retail,8,22000,176000
1201,2025-05-25,South,Phone,Fortune Co,3,22000,66000
1202,2025-05-09,South,Laptop,Delta Retail,7,55000,385000
1203,2025-12-01,West,Headset,Asha Traders,2,3000,6000
1204,2025-09-01,South,Laptop,Hari Agencies,1,55000,55000
1205,2025-05-31,South,Tablet,Bharat Mart,1,18000,18000
1206,2025-11-04,South,Laptop,Bharat Mart,4,55000,220000
1207,2025-08-18,East,Tablet,Asha Traders,3,18000,54000
1208,2025-04-22,North,Laptop,Fortune Co,6,55000,330000
1209,2025-01-23,South,Tablet,Eco Stores,3,18000,54000
1210,2025-01-06,East,Laptop,Global Bazaar,4,55000,220000
1211,2025-04-05,East,Headset,Bharat Mart,6,3000,18000
1212,2025-09-11,West,Phone,Bharat Mart,1,22000,22000
1213,2025-07-22,South,Monitor,Bharat Mart,2,12000,24000
1214,2025-07-23,East,Headset,Global Bazaar,3,3000,9000
1215,2025-08-02,North,Tablet,Eco Stores,5,18000,90000
1216,2025-08-01,West,Headset,Asha Traders,6,3000,18000
1217,2025-07-20,West,Tablet,Delta Retail,4,18000,72000
1218,2025-03-22,West,Laptop,Bharat Mart,7,55000,385000
1219,2025-10-23,East,Laptop,Hari Agencies,7,55000,385000
1220,2025-01-08,North,Phone,City Supplies,3,22000,66000
1221,2025-02-15,East,Headset,City Supplies,7,3000,21000
1222,2025-05-26,South,Phone,City Supplies,6,22000,132000
1223,2025-07-16,West,Laptop,Delta Retail,2,55000,110000
1224,2025-01-23,West,Tablet,Fortune Co,3,18000,54000
1225,2025-02-14,South,Laptop,Delta Retail,7,55000,385000
1226,2025-11-11,South,Keyboard,Hari Agencies,7,1500,10500
1227,2025-01-22,West,Phone,City Supplies,4,22000,88000
1228,2025-03-05,South,Monitor,Delta Retail,6,12000,72000
1229,2025-01-22,North,Headset,Fortune Co,4,3000,12000
1230,2025-11-03,West,Laptop,Eco Stores,7,55000,385000
1231,2025-06-07,South,Headset,Global Bazaar,7,3000,21000
1232,2025-08-17,West,Monitor,City Supplies,6,12000,72000
1233,2025-11-13,West,Laptop,Hari Agencies,1,55000,55000
1234,2025-11-13,West,Phone,City Supplies,8,22000,176000
1235,2025-02-24,North,Monitor,City Supplies,7,12000,84000
1236,2025-07-07,North,Tablet,Hari Agencies,7,18000,126000
1237,2025-01-21,South,Keyboard,Bharat Mart,1,1500,1500
1238,2025-09-19,North,Headset,Asha Traders,6,3000,18000
1239,2025-12-01,South,Keyboard,Asha Traders,7,1500,10500
